{
  "train_loss": [
    0.3501260563413302,
    0.115685851769646,
    0.0856374797369043,
    0.06838390978251895,
    0.05949007641275724
  ],
  "val_loss": [
    0.14382083962857722,
    0.08959794178307057,
    0.08318005079180002,
    0.07470605539996177,
    0.0686592020008713
  ],
  "train_acc": [
    89.155,
    96.43833333333333,
    97.35666666666667,
    97.79,
    98.13166666666666
  ],
  "val_acc": [
    95.5,
    97.11,
    97.22,
    97.61,
    97.79
  ]
}